<?xml version="1.0" encoding="utf-8" ?><dwsync><file name="he-bg.jpg" server="atlantidabay.com" local="3546781892" remote="12137062172" /><file name="he-macrocosm-2016.png" server="atlantidabay.com" local="3546788243" remote="12137062172" /><file name=".DS_Store" server="atlantidabay.com" local="3546823215" remote="12137062172" /><file name="bg-speakers.jpg" server="atlantidabay.com" local="3546823047" remote="12137062172" /><file name="favicon.ico" server="atlantidabay.com" local="3546914391" remote="12137062172" /><file name="headshots-jchanos.png" server="atlantidabay.com" local="3546906546" remote="12137062172" /><file name="headshots-kbarnett.png" server="atlantidabay.com" local="3546898889" remote="12137062172" /><file name="headshots-kmccullough.png" server="atlantidabay.com" local="3546869743" remote="12137062172" /><file name="headshots-nhowe.png" server="atlantidabay.com" local="3546906592" remote="12137062172" /><file name="headshots-sroach.png" server="atlantidabay.com" local="3546903779" remote="12137062172" /><file name="macrocosm2016-logo-charcoal.png" server="atlantidabay.com" local="3546913167" remote="12137062172" /></dwsync>